Timestamp,Open,High,Low,Close,Volume,s2f
2014-01-01,731.903411882,753.981553104,731.903411882,753.405480556,21346662.0,113.00007702208197
2014-01-02,751.161970052,798.2436427300001,742.8400064780001,784.280603894,28405765.0,113.22746777082753
2014-01-03,782.968261172,816.864470154,768.6465619940001,807.915916232,31500478.0,113.3701484313799
2014-01-04,807.8165956619999,828.7459845879999,792.146836872,828.7459845879999,26004448.0,113.56209056379649
2014-01-05,829.028304986,933.1198898659999,828.061490758,904.7600750739999,31874485.0,113.41368669328907
2014-01-06,906.6701119080001,993.012671154,887.2568697,917.382725522,37645579.0,113.32562642357443
2014-01-07,915.7937051659999,941.8773635560001,789.593524042,789.593524042,31114343.0,113.42180426551191
2014-01-08,778.222934732,846.5568567119999,768.3688510260001,822.864923038,30314966.0,113.22601883147516
2014-01-09,830.2687184719998,844.7333391100001,785.913197922,825.8665006040001,29248412.0,112.94130538135295
2014-01-10,823.741218994,858.6030641519999,805.451087872,854.445450584,27201658.0,112.86085763788157
2014-01-11,852.296409132,906.1289698759999,850.8371714479999,893.6831232820001,29282110.0,112.48545939022198
2014-01-12,895.333941246,904.04404794,827.508603914,843.286613774,25944444.0,112.15668350717345
2014-01-13,840.97690943,843.535720248,789.213772588,822.530427934,27996437.0,112.08589939794084
2014-01-14,824.566519444,836.1150065940001,804.482518704,815.996819406,28151350.0,112.1919437058523
2014-01-15,815.30019049,848.86299475,812.45745192,840.1151583520001,29682359.0,111.97485012154621
2014-01-16,841.164428006,847.73468916,814.4962523859999,814.4962523859999,29399740.0,111.81207703543079
2014-01-17,812.330405534,818.887922492,770.6144133939999,794.5266687980001,28793316.0,111.69838342931756
2014-01-18,796.84108194,816.204482146,796.84108194,811.37762176,25078955.0,111.53307133603933
2014-01-19,810.983856048,841.4564324119999,795.5558779239999,841.4564324119999,24042099.0,111.58580334341612
2014-01-20,842.1750903239999,844.599717634,817.145194882,826.696425026,35802980.0,111.36835105378744
2014-01-21,825.9990557020001,833.821904742,815.0225156139999,824.875769878,36367413.0,111.30787546249768
2014-01-22,824.4221674339999,824.4221674339999,805.899371318,818.534270204,32799113.0,111.1876322012296
2014-01-23,819.138,823.168,803.330035602,810.869203164,32741727.0,111.0378882602115
2014-01-24,810.14861073,810.1754649999999,768.594530864,779.3849452420001,32166736.0,111.00259226016617
2014-01-25,779.633616724,816.8241085200001,775.011168556,805.652675222,27300623.0,110.97649940168786
2014-01-26,805.635530356,831.98114621,796.9776483459999,814.847146534,26973237.0,111.12499065834852
2014-01-27,814.609057004,822.597016814,729.2448187480001,746.678657078,32509480.0,111.13522029769678
2014-01-28,749.5395848119999,811.5336222520001,742.2571064240001,785.9504199859999,33077520.0,111.22167487374615
2014-01-29,785.2093090000001,804.5652399560001,783.3840817280001,794.098192396,29120650.0,111.38196485018693
2014-01-30,794.1089188020001,810.0969831919999,772.8600955020001,799.5229998400001,30577764.0,111.39376694731179
2014-01-31,799.801687688,808.890884554,792.377236548,802.998525562,30709345.0,111.59810822658292
2014-02-01,803.08897018,825.783272108,803.08897018,813.159890274,28516723.0,111.51015872555227
2014-02-02,813.4994616839999,824.9589929800001,810.5421420179999,814.932732602,29308575.0,111.47211483834667
2014-02-03,813.4936793459999,814.99,801.323850846,808.5,32590491.0,111.65062254396693
2014-02-04,807.01483199,811.6554764059999,797.4866546340002,801.39173376,37912409.0,111.74625036632796
2014-02-05,801.999143152,807.651740264,779.9879977940001,780.917515036,36921241.0,111.87936579537298
2014-02-06,783.182313112,794.9143906840001,756.181896196,762.981093598,38079205.0,111.8203032404252
2014-02-07,761.805554048,762.9350615340002,630.0281968,708.3660443880001,37881922.0,111.94264920338036
2014-02-08,704.179225556,722.541836424,670.81265697,679.578138862,33844708.0,111.91265746680925
2014-02-09,674.1200582280001,725.3520220560001,666.9494935360001,687.314088924,28893017.0,112.05591045661568
2014-02-10,686.562965162,702.8443287460001,536.1585535199999,688.4182184199999,32729300.0,112.21422376290022
2014-02-11,688.9983416140001,714.6646698960001,636.4860187020001,675.110840662,32530109.0,112.32091477385339
2014-02-12,673.979627184,683.4743409380001,642.216684696,652.543163334,44538280.0,112.24068382756104
2014-02-13,651.710844624,659.407133664,605.551711186,605.83889448,38591034.0,112.34723697610676
2014-02-14,605.42906566,705.0030291,546.8820015059999,670.0066271759999,42772642.0,112.2719596237513
2014-02-15,669.938419052,670.610044198,633.880815592,655.269274756,33582483.0,112.38006775976984
2014-02-16,654.395845686,668.997483386,598.2557754080001,620.641121662,28233729.0,112.50653349433821
2014-02-17,621.81520343,661.4023965700001,610.941364434,632.4809440480001,33458043.0,112.82823799138676
2014-02-18,633.38744049,649.779516686,611.378793068,629.1273936299999,36625200.0,112.9519440129401
2014-02-19,628.19493129,635.8688232480001,619.433271162,624.838114922,40987860.0,112.87764669752075
2014-02-20,624.838136344,630.42335244,562.2492199640001,562.5895875420001,39955502.0,113.11862147338542
2014-02-21,560.249881084,587.177681538,536.1994399040001,581.290525096,38752782.0,113.38636223080455
2014-02-22,583.5971850379999,614.110857464,563.5976371280001,611.552214376,33138951.0,113.47748411177798
2014-02-23,611.4400235339999,644.73751523,603.7467063380001,608.198850544,35225557.0,113.5940150319581
2014-02-24,608.8347277400001,609.473733156,533.5299734419999,536.8594994299999,43026454.0,113.5468918377282
2014-02-25,528.1865117440001,542.086040178,403.021674696,536.2111523420001,45251437.0,113.93530296213802
2014-02-26,533.878873808,608.375826668,531.97559965,585.5174387139999,42731286.0,113.98261735094839
2014-02-27,585.0973549639999,598.801086342,571.9222766299999,583.057392048,38921735.0,114.16954351701438
2014-02-28,583.5329668100001,588.393928822,546.7525106119999,551.4270378320001,42727357.0,114.24399706149292
2014-03-01,545.2975974020001,575.60276129,540.1954630719999,566.7533114280001,37538801.0,114.41215650826915
2014-03-02,567.455792414,570.727118068,554.4801410580001,563.2946821140001,33391277.0,114.55932198964325
2014-03-03,563.155987648,701.761155626,563.155987648,676.820067156,49066024.0,114.76104455589855
2014-03-04,677.525998348,698.3208707240001,661.947074628,673.387906086,53152537.0,115.065546191151
2014-03-05,673.6821172719999,678.596890334,652.8833964400001,670.1076203939999,44132262.0,115.09529038777613
2014-03-06,669.3986009500001,674.333896218,652.725958834,669.219942962,42315435.0,115.13336265069461
2014-03-07,669.657444242,669.657444242,616.67576492,632.308556588,41256070.0,115.23732301086385
2014-03-08,632.753326478,637.7760993620001,606.4437888559999,620.6247192339999,35382582.0,115.33103648429324
2014-03-09,617.992392558,648.47835235,614.418,638.418612898,35695230.0,115.42207154764219
2014-03-10,638.836986358,645.9129185439999,611.802888792,629.382,41404478.0,115.75202552231762
2014-03-11,628.5010288619999,638.70285338,616.3467745959999,635.03872797,42126267.0,115.87006661957136
2014-03-12,632.2596030340001,652.618486608,631.88079376,633.854888054,43512495.0,115.74129806293274
2014-03-13,634.9895856400001,649.0603076919999,633.3359216380001,641.6025862160001,41514023.0,115.84815296271597
2014-03-14,640.7370046399999,644.606699148,626.044033752,629.8350340720001,40638981.0,116.23794045317824
2014-03-15,630.946389436,639.8207474799999,626.684066836,637.415090218,30647994.0,116.42023966206918
2014-03-16,636.844331602,638.749396534,630.4372254980001,634.8101052919999,28565917.0,116.58970564779693
2014-03-17,634.273459464,634.872,619.9905736480001,622.84479101,33956909.0,117.01815862360833
2014-03-18,622.642869692,623.840735556,600.459452008,614.438939238,25501463.0,117.41108486589435
2014-03-19,613.7124100819999,620.9851802139999,606.401453536,611.19495134,35546798.0,117.60917093887738
2014-03-20,610.718668794,610.718668794,583.6317116719999,586.953250296,38255814.0,117.96941845950782
2014-03-21,586.4505807319999,606.828515944,562.155328006,570.012095636,43447584.0,118.32624327604994
2014-03-22,569.600447218,571.792295856,548.409542238,564.545464148,41234354.0,118.83750275250446
2014-03-23,564.191851338,568.73529797,557.07852261,559.690294744,30901543.0,119.04120731322513
2014-03-24,561.7339428140001,589.765330318,547.0,584.911571278,40783506.0,119.21021438021238
2014-03-25,585.45262454,586.066360872,569.905603064,583.845073968,38640675.0,119.2654300010778
2014-03-26,583.222818436,590.45180902,567.395876744,579.087233466,38663729.0,119.35347448899698
2014-03-27,581.4146991480001,581.4146991480001,472.14433733800007,472.14433733800007,41216139.0,119.24225951320946
2014-03-28,479.15828344600004,523.553442424,470.99997069,501.09610014200007,38200384.0,119.4489451628219
2014-03-29,502.74045943399994,507.17240867199996,488.153188304,491.9478371900001,30154520.0,119.5944838093543
2014-03-30,491.2106189700001,491.2106189700001,438.09524901000003,458.77462072399993,32473002.0,119.92202978879237
2014-03-31,460.18888505000007,483.214619744,440.25027208399996,457.02355456799995,37632330.0,120.00982820964948
2014-04-01,455.592982028,502.414111444,454.549437512,479.31229068600004,37200286.0,120.32788857743489
2014-04-02,479.14513386600004,493.290898724,432.60967573,439.626726544,38576951.0,120.39929496657042
2014-04-03,438.050092702,456.66556583199997,416.862510842,449.53955801,35671819.0,120.3952242893442
2014-04-04,450.45490486399996,457.836299832,431.188346102,451.900550232,38526253.0,120.30811832137196
2014-04-05,450.490645986,463.62556298400006,444.49122465600004,463.62556298400006,32730179.0,120.37558157893919
2014-04-06,464.18249251200007,464.93999999999994,451.26469816200006,457.883594364,32028578.0,120.58244383292728
2014-04-07,460.31076169999994,461.937706344,446.05231097000006,448.95518037,36759452.0,120.79592299736798
2014-04-08,446.977629848,458.772469744,446.78104553800006,453.33637541999997,39166222.0,121.04531612851004
2014-04-09,453.57,456.976986544,439.627685928,443.06191353799994,39146843.0,121.28097659786327
2014-04-10,441.7507559739999,442.26971459799995,359.619699914,363.851086082,39309624.0,121.64488531437397
2014-04-11,363.628596968,430.4977404339999,347.778087658,423.4131448,37664201.0,121.73631355901134
2014-04-12,422.99799999999993,439.278961844,414.69756752,423.368963092,27289819.0,121.95415705237504
2014-04-13,425.05999235999997,427.75,398.40118143,416.86460415399995,30240193.0,121.99159530767103
2014-04-14,417.20204804599996,473.61896831399997,408.228348928,459.09800582400004,41611032.0,121.907216663504
2014-04-15,460.82325141599995,526.217172028,454.122617444,522.29491627,43874647.0,121.95292898311331
2014-04-16,523.3648112400001,546.786017148,498.500187362,527.687720992,43029291.0,122.20728575847092
2014-04-17,528.8837635120001,533.3854130220001,484.96943615199996,498.366678046,37730834.0,122.36893973393487
2014-04-18,499.02612939400007,503.292178928,472.803131658,482.26565610000006,32787783.0,122.42712649786452
2014-04-19,481.75144557999994,507.197655424,472.97800000000007,504.842390182,30667018.0,122.42704720861775
2014-04-20,505.465853576,514.791951104,493.797831048,500.39539342999996,30110034.0,122.43096564188242
2014-04-21,500.246385964,513.652567866,494.29477999400007,497.251879218,32518676.0,122.61359765981561
2014-04-22,498.77154585200003,504.61093861,486.81062181,489.99280993799994,44282860.0,122.74310135930129
2014-04-23,489.97866494,495.2,484.858046214,492.0000000000001,39844551.0,122.90799877663477
2014-04-24,491.9930508360001,503.90979503799997,480.1221084299999,502.220952572,42178781.0,123.11194082707475
2014-04-25,502.64646242,502.64646242,441.928585982,466.88685158400006,41167392.0,123.20889322704002
2014-04-26,466.5221456779999,468.89388156800004,451.49608787999995,461.04532600000005,29262015.0,123.40460306567279
2014-04-27,460.521222116,461.439746388,434.374768044,434.374768044,31985996.0,123.36877155694089
2014-04-28,430.16592174399995,450.85159095999995,425.34420797599995,442.82037402,36241404.0,123.66422111696309
2014-04-29,441.356742492,453.338199522,433.52473942999995,448.0,38764310.0,123.83537759593301
2014-04-30,447.41628303799996,452.312129564,436.028669958,448.89941997000005,36967589.0,124.0345840196733
2014-05-01,449.057372166,464.872351892,449.057372166,460.70126204400003,33675414.0,124.02970489373746
2014-05-02,461.91495017399996,462.491603938,445.111250068,454.35562384599996,33993108.0,123.99859651076473
2014-05-03,452.8907404799999,454.09799999999996,431.770679492,439.87207680600005,28818067.0,124.09254771870145
2014-05-04,439.28599999999994,441.81798608199995,430.92225565000007,437.933060358,30345139.0,124.27855186055703
2014-05-05,435.88,444.164483096,427.202371658,433.0,37323102.0,124.64904159351897
2014-05-06,433.0,433.59132480799997,420.92136449,428.01000000000005,42449583.0,124.64050883996741
2014-05-07,429.17614832199996,451.47113523199994,426.822853588,440.92028681400006,38761763.0,124.84085682000533
2014-05-08,441.10817764599994,449.52291083,439.0813533279999,439.0813533279999,38583365.0,124.97707571834961
2014-05-09,439.75281136399997,456.78571272400006,438.134854626,451.468934602,36837417.0,125.09003517375477
2014-05-10,452.686,458.26515683200006,449.8,456.543988148,30478722.0,125.20458459264309
2014-05-11,457.8881193380001,457.8881193380001,432.3220784399999,439.14571257999995,33024353.0,125.53648273975547
2014-05-12,439.19608679000004,443.54957274199995,434.31528967799994,442.46349,41992393.0,125.7098068144076
2014-05-13,441.23306432399994,442.63507751,433.573070088,439.10721898599996,37412985.0,125.93396253272392
2014-05-14,439.088,449.257811392,438.93002497400005,445.75451883200003,39399144.0,126.09513940518073
2014-05-15,445.076202948,451.95166134199997,445.076202948,446.33672478999995,42196202.0,126.0520957262357
2014-05-16,446.166,452.0035090519999,445.0,447.269647738,37901523.0,125.99842545374469
2014-05-17,447.24370556,451.39,445.86675678,450.0057898,32608423.0,126.07523967545698
2014-05-18,449.5597930299999,451.41,445.04549233999995,446.898,31798816.0,126.07903040946913
2014-05-19,446.97323689200005,450.0,444.01205328199995,448.17908049199997,40351522.0,126.15132883706201
2014-05-20,448.34,498.473003402,447.14,489.19391193599995,43970655.0,125.99583813467066
2014-05-21,489.06641914600004,498.646,487.95422734000005,493.694430672,41331190.0,125.99579940797437
2014-05-22,493.98972402400005,529.49782271,492.652637112,529.49782271,41998651.0,126.04539961835472
2014-05-23,528.6459236359999,546.619101242,521.2446474279999,523.491528154,41302760.0,126.2524350578799
2014-05-24,523.7643105180001,528.591661966,515.6401281440001,528.214489126,29637851.0,126.48927692865725
2014-05-25,528.447801,584.2706583639999,528.22,573.07334608,35234020.0,126.66046658457681
2014-05-26,573.8640161599999,591.141289622,566.504673582,583.558250216,39373787.0,126.83572308559046
2014-05-27,582.770881972,593.424321314,552.21107165,573.185524618,40289562.0,127.22245338095932
2014-05-28,573.6870336860001,582.2339070060001,564.293549516,580.266611644,42011710.0,127.30248666188825
2014-05-29,581.308573808,581.7380530620001,561.9181428180001,570.35,38277708.0,127.6089441619106
2014-05-30,572.37,627.650320102,568.91,621.18,36690215.0,127.84003790066345
2014-05-31,621.4060000000001,628.450005546,611.071525284,627.3743539159999,30589061.0,128.15993584646324
2014-06-01,627.7050929999999,680.867915922,622.0778491,629.8553311400001,35800466.0,128.57308344228136
2014-06-02,628.8122850459999,674.2849237759999,616.241457688,662.0855888839999,38416575.0,128.7893815389105
2014-06-03,664.4830217800001,679.780297186,653.2425125039999,669.938043516,41694413.0,129.18717028537338
2014-06-04,670.4144187280001,672.9026971259999,624.29615105,642.357380702,36856504.0,129.568754203537
2014-06-05,640.61607581,668.04529155,639.8903039960001,661.48,39865361.0,129.924822876621
2014-06-06,660.2636913460001,662.0615514599999,649.0938278240001,649.0938278240001,37909642.0,130.33790597825663
2014-06-07,647.811993498,657.122319458,639.142000748,657.122319458,28500883.0,130.5218408270705
2014-06-08,657.076,660.2814189200001,652.02,657.9504511279999,30991976.0,130.95468330096122
2014-06-09,657.5806300840001,658.4798139999999,641.9619115520001,648.3175507240001,36208577.0,131.1198229002092
2014-06-10,648.826626292,657.099242474,643.570210642,648.549935972,39821396.0,131.32275841767992
2014-06-11,647.63,651.984,619.77906377,622.5026906339999,36645992.0,131.69201112787286
2014-06-12,622.583953772,630.2311643419999,553.078831362,571.006454714,39548470.0,132.06594084742864
2014-06-13,571.6224151179999,610.968107784,568.148721418,591.983880914,37609145.0,132.377174762981
2014-06-14,592.424872502,592.424872502,540.37927285,568.1956108239999,31168166.0,132.55755386518126
2014-06-15,567.180218172,591.568055638,552.2957531239999,590.40657709,32543463.0,132.61756765900995
2014-06-16,591.55645425,609.373871518,584.394741958,586.980456142,40600261.0,132.77280734660454
2014-06-17,586.50303656,608.250972174,583.116724102,606.443230048,39417628.0,132.674609563578
2014-06-18,605.6605579039999,615.4901727099999,600.5891070719999,607.0,36980642.0,132.6977020131183
2014-06-19,607.984236536,609.79,593.11789317,593.11789317,37717196.0,132.63916075214857
2014-06-20,591.170424498,597.804257044,581.7305651419999,588.950932812,33102434.0,132.59152514086887
2014-06-21,589.8043102260001,594.142522956,581.0023311699999,589.036790108,31179129.0,132.64075531135964
2014-06-22,591.960825548,604.958968992,589.4056775,600.0404249320001,31728071.0,132.7812692512487
2014-06-23,600.35195937,601.0,582.040955326,588.193980926,35909893.0,132.8696187659718
2014-06-24,588.2313890620001,588.241884328,573.3281355759999,573.3281355759999,37899677.0,132.78220069546362
2014-06-25,575.071628986,578.3494616119999,557.76639441,560.4947890579999,37945121.0,132.74929612558196
2014-06-26,559.4798903880001,579.770338962,558.823108972,579.622750878,35094534.0,132.92975646234603
2014-06-27,580.09,599.929629306,575.7069772540001,599.929629306,36141188.0,132.9061095750325
2014-06-28,599.104664616,603.7394330239999,590.5955207659999,590.5955207659999,32346529.0,132.98610912292557
2014-06-29,589.7159716479999,601.213849322,589.7159716479999,599.89,30834822.0,133.216010852105
2014-06-30,599.827216794,646.4998483659999,596.37,638.68650652,42938826.0,133.4854143099543
2014-07-01,642.2976731379999,658.203095624,638.025772964,639.157792748,43762266.0,133.77722300837078
2014-07-02,640.011402964,656.784018618,638.0148716719999,650.071232986,39875821.0,134.01756915229942
2014-07-03,650.3723962759999,652.315688884,639.819757566,646.6670635520001,37069975.0,134.46338551098611
2014-07-04,647.5739824720001,650.44,622.615811234,627.258726514,32749520.0,134.61297523119805
2014-07-05,628.81,632.949673178,624.381530432,630.747663504,27930757.0,134.99569971444362
2014-07-06,630.5401322399999,637.691850122,625.9532225639999,631.4238304700001,32932671.0,135.44787614169982
2014-07-07,629.5608795539999,635.852833808,613.6078345779999,622.774120722,38065627.0,135.8454720182773
2014-07-08,622.09,626.22,618.235165428,624.2982841780001,42749930.0,136.287074392486
2014-07-09,625.069642982,626.8166363820001,618.89,621.8734082320001,42511326.0,136.58117507427104
2014-07-10,621.33450413,623.819217,608.20311857,616.775924134,37736406.0,137.05308598865358
2014-07-11,616.8654414619999,634.967066342,614.52,634.129679252,36343787.0,137.33207633859743
2014-07-12,634.200062216,639.712422728,629.10381156,636.46644725,30388880.0,137.46137648967036
2014-07-13,637.8979999999999,638.419165218,626.37359558,630.5449909639999,33980656.0,137.5936356896333
2014-07-14,629.439864222,631.893335174,617.038505198,619.701223542,35431227.0,137.9905895070286
2014-07-15,621.183694096,624.987080052,618.8850798999999,623.5592835140001,40995869.0,138.18016902238136
2014-07-16,623.29000729,624.5051087539999,612.81703034,615.9106732139999,37259825.0,138.46422604685375
2014-07-17,615.024492288,628.688185908,611.195723308,623.7643585440001,38771133.0,138.71783050577415
2014-07-18,624.518,632.67,619.0821075380001,631.42881345,38504268.0,138.80446128486153
2014-07-19,631.8076620520001,632.279841648,625.95,629.726,33778383.0,138.93233124461923
2014-07-20,630.0,630.0,620.4294579560001,625.846605424,33044212.0,139.3087445130607
2014-07-21,626.8838761119998,627.0069327819999,616.4354299639999,621.830136434,37695027.0,139.7815051740161
2014-07-22,621.584959816,624.797737164,618.96,619.567647252,38496311.0,140.08887089493754
2014-07-23,618.9466732,622.9789442139999,617.44175636,619.926984708,37971973.0,140.1947046928826
2014-07-24,620.991779894,621.98,592.31465355,603.820880232,38556387.0,140.45231641297107
2014-07-25,603.97481455,608.874000712,594.0445525060001,602.8812411219999,37497310.0,140.4864936573023
2014-07-26,602.880695656,602.99,590.033011936,595.95700884,30531261.0,140.83917569669717
2014-07-27,596.239043766,602.488909126,590.161896714,591.9597686699999,33328998.0,141.1966532208382
2014-07-28,593.334307096,594.787109912,571.673865124,589.3779206380001,38039043.0,141.47778964483888
2014-07-29,587.31322849,591.25984989,578.5402992100001,585.1045461199999,35917609.0,141.84045059681338
2014-07-30,584.549477938,585.909739612,559.149733002,563.3470577280001,39581100.0,142.19693211429075
2014-07-31,562.2359036380001,588.9192623360001,557.015234524,582.037732788,40794007.0,142.618975752536
2014-08-01,584.18605967,606.28319076,582.2527022020001,598.2,38084350.0,142.92496989631772
2014-08-02,597.859348026,598.0373905260001,584.998018886,589.306,30873499.0,143.3054579166994
2014-08-03,589.2512554820001,590.453749162,578.4892704279999,586.489508506,30447316.0,143.5797018908985
2014-08-04,588.956064218,595.163510112,583.596870398,588.479331236,38489482.0,144.09392936899906
2014-08-05,588.5,589.0,579.0345307519999,580.340990122,43676314.0,144.64018345331596
2014-08-06,581.734,586.240142422,576.9554551240001,582.416533308,47055270.0,145.00361422329036
2014-08-07,582.135265272,591.525158694,579.150267204,584.81249954,39890857.0,145.36395085814098
2014-08-08,586.38576296,594.9991319200001,584.788,588.78812401,39818725.0,145.8848983604453
2014-08-09,588.143315888,590.590772226,585.362,589.242055856,34645580.0,146.16941241297113
2014-08-10,589.498,596.983632,586.02351404,590.785817632,36452346.0,146.60424349444645
2014-08-11,590.985904648,590.9899028359999,572.2371018,573.9565111500001,44917758.0,147.05330438477296
2014-08-12,574.097447746,574.148,562.153561882,567.831212848,44514228.0,147.55810096227634
2014-08-13,569.2683862800001,571.726504792,526.0761359640001,549.790349374,45878792.0,148.00371583369798
2014-08-14,549.803900188,549.803900188,498.440555918,507.38701780400004,46535053.0,148.09404606132614
2014-08-15,508.662303162,520.5644686339999,485.942948976,501.237741262,42602765.0,148.30242374222797
2014-08-16,501.470259202,528.2065772960001,485.52609167,522.748127092,48963283.0,148.54317866702215
2014-08-17,522.527034112,524.167805662,486.232692622,498.22564087800004,35968102.0,148.87546291535182
2014-08-18,498.13061507000003,509.014642722,447.93962909600003,473.215708716,41620337.0,149.04770428244467
2014-08-19,473.80726116799997,493.416956808,458.969435942,491.00693467,41126798.0,149.16818940295178
2014-08-20,491.44246263,526.1352459359999,467.58952315799996,518.0240521100001,40950021.0,149.50857799481773
2014-08-21,516.5974835899999,533.6132805300001,511.47702003600006,520.3913133,41416113.0,149.9250446075469
2014-08-22,520.176775616,525.593730072,502.61085105599994,514.794876152,38831321.0,150.55788643617336
2014-08-23,514.654118056,514.654118056,489.76227774999995,496.190259712,31573479.0,150.9984358666532
2014-08-24,498.197508604,513.7346731159998,496.463122336,507.644099696,35285045.0,151.44779058143556
2014-08-25,507.475108752,508.30846592,497.25003153399996,503.1851232,39736376.0,151.70366990941432
2014-08-26,502.88383432599994,515.1915376320001,502.872852366,513.621734654,42236411.0,151.8281701626114
2014-08-27,514.3579343200001,522.69793634,510.487966772,511.792230472,42818573.0,152.00503788965753
2014-08-28,510.9219024800001,514.97992418,506.288446372,506.53819895799995,38736907.0,152.22667059690033
2014-08-29,506.90263656400003,513.548475134,502.068809918,509.04553304800004,35904593.0,152.5588643119598
2014-08-30,508.26084835600005,508.916,498.7685413319999,501.001790512,33801409.0,152.93690795918994
2014-08-31,501.16108117799996,504.623152072,474.29368127800007,478.87886742800004,33696998.0,153.42009769299946
2014-09-01,479.05855565600007,486.38650933200006,472.32792589,475.34660947400005,40251774.0,154.259984555323
2014-09-02,474.82520896000005,484.36979806600004,470.849666934,473.803368534,41462605.0,154.976544402761
2014-09-03,473.715302592,477.98999999999995,471.69029381,474.54419272800004,40231336.0,155.3636512918059
2014-09-04,474.5772718,493.45161502,472.25918032,488.60745904,39412053.0,155.57387952966724
2014-09-05,489.534,489.844567096,474.03693476,477.642145722,39483630.0,156.0116741298354
2014-09-06,477.907473476,484.93325800800005,477.40706381,479.74170882,34918284.0,156.2535631942282
2014-09-07,479.6240000000001,482.80163831600004,475.01570168599994,476.11974577,39027405.0,156.33641547380293
2014-09-08,477.237114982,477.929794304,459.2198597,468.030480732,42652516.0,156.59958507295977
2014-09-09,468.32918448199996,475.648720812,460.992989518,473.375732486,51390782.0,157.23440879273525
2014-09-10,473.70459687600004,488.172739366,473.70459687600004,477.60737498399993,48091725.0,157.69005828174414
2014-09-11,477.25933307199995,480.0,468.49027022999996,477.41388296800005,36678752.0,158.1273867226393
2014-09-12,476.68160195,477.87785182000005,464.47385524000003,474.19739259,37272162.0,158.79488566813575
2014-09-13,472.466401444,480.00588251400006,468.357088752,477.127472342,32713597.0,159.18782446427818
2014-09-14,477.78824655999995,481.0131620439999,473.82362003200006,474.606315074,43338785.0,159.87329265478596
2014-09-15,474.749446334,479.48999999999995,469.57152418,469.57152418,45567581.0,160.24379571826077
2014-09-16,469.423046322,473.493143676,462.37872604000006,463.2017233959999,50579329.0,160.28526258383098
2014-09-17,463.41600000000005,465.57,444.524499558,452.3290782179999,44657993.0,160.4291322908407
2014-09-18,451.00697297,451.15,411.115807968,425.668635086,42274136.0,160.50514749097158
2014-09-19,426.024399564,428.75294142599995,379.99811192000004,395.737689734,37787189.0,160.85661872874473
2014-09-20,396.46845813199997,429.928232824,390.009570042,410.71515540999997,36583153.0,161.25758458214037
2014-09-21,410.785455522,413.2525500379999,395.842208246,400.465411766,35675824.0,161.65498345560178
2014-09-22,400.702375916,409.075668412,397.259974704,399.134149668,43658772.0,162.14482452213795
2014-09-23,400.011311784,450.499659636,394.05406342000003,439.4156581540001,46366082.0,162.83482407680563
2014-09-24,440.57189530999995,441.20382646199994,420.570206588,423.56804793000003,44441344.0,163.49973261300858
2014-09-25,423.40926062,423.79039773999995,406.833464638,409.347515356,48668238.0,163.9913771988881
2014-09-26,409.967125368,413.851811872,396.932325504,404.57418751600005,41496809.0,164.38887051839026
2014-09-27,404.574223674,408.228445684,397.686103126,400.686514188,39119876.0,164.92947976040514
2014-09-28,399.0291591,403.66775485999995,371.456484594,375.303150224,42625022.0,165.4943552223882
2014-09-29,375.31475331599995,385.502336392,369.298565554,373.990622608,44147574.0,165.9439861345751
2014-09-30,374.34779289799997,395.747587878,372.059196162,390.18710973000003,45395544.0,166.2066852672108
2014-10-01,390.876821664,392.942058334,377.835404722,383.94373517800005,46483259.0,166.66979739395643
2014-10-02,384.54220791600005,385.60674507600004,372.564213388,375.4928339,41184019.0,167.3046187388438
2014-10-03,375.00161966200005,377.6,354.62067753400004,357.362980336,42401854.0,167.95136764346162
2014-10-04,358.60359245999996,364.75984453800004,323.90308294999994,326.642468598,42555360.0,168.36402846934024
2014-10-05,326.663604588,338.705786318,279.57388032200004,323.055049424,45237893.0,169.01437590133764
2014-10-06,320.087926272,345.52753437600006,297.734443986,328.049174812,45000441.0,169.4195364302138
2014-10-07,328.86539744000004,336.532570102,315.031922432,334.404218494,45105319.0,169.7761329872463
2014-10-08,334.415684806,358.03165755,327.531019208,355.992247346,44301162.0,170.0989741737493
2014-10-09,356.1829898,387.067579888,350.552456346,364.556226584,44387253.0,170.55645219638694
2014-10-10,364.37736645999996,376.574712722,352.55205698,360.938671886,44169373.0,171.0790576379819
2014-10-11,360.823314194,366.453290984,352.68754659000007,362.43268194600006,35751878.0,171.6278619703633
2014-10-12,363.27698226999996,382.446852736,355.609975404,379.54423350800005,42278385.0,172.417347281748
2014-10-13,378.47092940999994,401.42843421000003,368.842478284,392.32550615599996,45838606.0,173.21930212777892
2014-10-14,393.02056334,414.7860870779999,391.728009478,402.42857203799997,48541384.0,174.49211216852802
2014-10-15,402.752630872,403.938209438,388.119881394,394.09448195199997,44793296.0,175.71266806170982
2014-10-16,394.38155529000005,398.84736026400003,371.58206731200005,383.085283296,42088385.0,176.48583648027815
2014-10-17,383.087507036,384.70257878,373.42415042000005,383.06091965599995,41163200.0,176.89738753460628
2014-10-18,383.324571334,396.061623282,377.066312326,390.75379734,36804074.0,177.36548318605912
2014-10-19,390.312846612,394.115596284,385.09371864,388.575872572,41431229.0,178.40218965562903
2014-10-20,388.27527823,389.448206958,377.72468289200003,381.35682622,46218971.0,179.17566375507963
2014-10-21,380.41077526,393.5048197,379.533746208,385.846074676,47628009.0,179.93304153746288
2014-10-22,385.33059794199994,388.39,380.449421284,382.43631932,45929756.0,180.97972471119027
2014-10-23,382.20228002000005,384.340669566,354.365279574,356.566155236,46421700.0,181.8635653595676
2014-10-24,357.090909036,362.92010913,349.867307494,358.1904358080001,42796039.0,182.62145702755188
2014-10-25,358.27587962999996,359.00443355999994,342.06791320400004,348.157435614,41103393.0,183.6208632649124
2014-10-26,348.69,361.382385866,344.81,355.021491172,41577991.0,184.35503446099122
2014-10-27,354.923347382,358.14711157799996,349.37296643400003,350.983183486,50034350.0,184.75714800309476
2014-10-28,351.306451784,357.210437166,351.21292481800003,355.774005564,48761236.0,185.30785401535684
2014-10-29,355.10444235800003,355.49029675,334.445533052,335.093284832,49461891.0,185.55320374842242
2014-10-30,336.216688272,350.97440597599996,334.47944846200005,346.12152948600004,50686437.0,186.0231813997548
2014-10-31,345.792360344,347.613140762,337.44096585,337.813393346,47703292.0,186.49640502284575
2014-11-01,337.958395176,339.384156,318.721368198,324.573484356,38501027.0,187.2034262501387
2014-11-02,324.71969695199994,328.697416818,319.06928251399995,324.36579329,48861511.0,187.88758852713394
2014-11-03,323.87698378799996,333.749666952,323.73879361800005,325.965872218,51226943.0,188.34165967614265
2014-11-04,325.714568934,331.467607256,321.82247911400003,330.07754074400003,49169466.0,188.89263719757295
2014-11-05,330.11800316000006,343.87642518999996,330.078026512,338.002215156,48302715.0,189.44624699026127
2014-11-06,337.833548524,352.51024983599996,336.86675682599997,349.912207048,53752111.0,189.73759732213432
2014-11-07,349.732086804,351.918395666,341.03275008,342.135011436,50719236.0,189.86613299035176
2014-11-08,342.022585326,347.00540805,341.35930776,345.74628679,40565013.0,189.86157873408317
2014-11-09,345.99999999999994,365.86490152,343.57,365.563844488,47343500.0,190.0322609393666
2014-11-10,364.525728996,376.42685137599995,358.07549539800004,365.87042619199997,50852609.0,190.47372303067692
2014-11-11,366.03482719000004,371.14221666800006,361.15711632,369.81496743400004,49678543.0,191.25384800340427
2014-11-12,370.28406658999995,430.56932384000004,370.28406658999995,424.36606007599994,54531250.0,192.01825880667266
2014-11-13,425.03208342199997,453.747879258,384.77030788,420.47480877199996,55187986.0,192.45146047718444
2014-11-14,416.0058404079999,418.538979478,383.779462016,399.50063883800004,49907593.0,192.96174313543574
2014-11-15,400.13069383799996,406.03451637599994,369.88516119400003,376.62900497399994,40267245.0,193.42297211110406
2014-11-16,375.47227027599996,394.831136014,375.002633146,389.797810122,47432003.0,194.0928656442915
2014-11-17,389.64066814200004,412.652797294,377.954310626,388.358,52892737.0,194.73581317615944
2014-11-18,388.60790160399995,393.941792608,372.42159464,375.089345896,49853971.0,194.95895195929
2014-11-19,374.239426158,386.07279010800005,373.20343719000005,378.896020706,47664211.0,195.36121157547814
2014-11-20,378.969493728,381.75884613999995,354.08427285999994,356.462709068,49719973.0,195.82591091417856
2014-11-21,356.922131506,357.82952217,343.134181518,350.462287766,46595250.0,196.24445187040754
2014-11-22,352.150533094,365.31867236000005,351.36465004400003,353.31120368,40780297.0,196.64464806215003
2014-11-23,353.304,372.86932154199997,353.304,367.699086678,47336636.0,197.13986814339
2014-11-24,367.27571714199996,389.61543698,367.18531619799995,375.8525662779999,50911602.0,197.56576569446713
2014-11-25,376.24996437600004,394.61921224400004,375.17632319200004,376.590034426,49932596.0,198.19415546036566
2014-11-26,376.38404429800005,378.086440074,364.16720182200004,367.557562668,46796437.0,198.62026966122258
2014-11-27,371.37744913,374.867218476,367.014234418,369.65427477400004,48772504.0,199.16407234964834
2014-11-28,369.40999999999997,381.045046398,358.703917692,376.849520466,48478457.0,199.7300395353603
2014-11-29,375.88713993600004,386.266011198,372.30146133200003,375.88472041,42891163.0,200.1191869933301
2014-11-30,375.481061436,381.648058322,373.767352892,376.68151586399995,57741831.0,200.51309802111973
2014-12-01,376.98168701199995,381.2496963199455,371.53993845258566,376.62900668896464,53950441.0,201.4199346033238
2014-12-02,376.3698311644615,382.03759473168856,372.23047751946217,379.06941206171257,58617346.0,201.72381967624324
2014-12-03,378.88252120568217,381.81666253163934,374.2977169869139,375.55602754682644,54929532.0,202.83428494957545
2014-12-04,376.72025788449963,378.98816374,365.710583554,369.19470388,55227802.0,203.3176020098125
2014-12-05,369.165295594,377.79444589,366.016802556,376.0,50504341.0,203.68977290732116
2014-12-06,376.44923407,376.68139260399994,371.31462831600004,375.01795153800003,44709769.0,204.69184067086914
2014-12-07,374.791918934,377.495348874,373.172,377.14578302999996,44109383.0,205.66148733844224
2014-12-08,376.176073734,377.14,361.6342622220001,361.6342622220001,57333749.0,206.25692925979456
2014-12-09,362.166573214,363.63373676599997,344.859561044,351.90854790399993,50942721.0,206.84857291159443
2014-12-10,352.15476907000004,352.90176548,346.959745012,346.959745012,49762878.0,207.61914637421958
2014-12-11,345.172488348,363.59588271800004,340.156285242,348.921944692,48397466.0,208.0236925367424
2014-12-12,348.881377684,362.5320299962074,348.56285313999996,352.869712602,46900129.0,208.47816002788204
2014-12-13,353.00779751399995,354.048993602,347.53859678200007,350.961507326,41445146.0,209.01146849962035
2014-12-14,350.47084428799997,359.066532898,348.21574341,357.141899984,51786764.0,209.88314496036438
2014-12-15,356.37224763999996,356.786383464,347.20487349,348.08186068599997,57819739.0,210.50867933370654
2014-12-16,348.634787924,348.84895063,328.90113902,328.90113902,61990667.0,211.4023465728384
2014-12-17,327.99183806,334.835337566,316.50799419799995,321.598493206,59076557.0,212.48399449746978
2014-12-18,321.84982653400004,324.776248644,305.291405104,312.28177588799997,55044054.0,213.51306668046485
2014-12-19,312.12153293800003,319.308598586,307.869024224,318.544134062,54538407.0,214.79144257012715
2014-12-20,318.526221606,332.517015838,317.01446552000004,331.49050168199994,51414943.0,215.52184370938153
2014-12-21,331.231559672,331.32082494,319.56951511399996,320.556787554,46466777.0,216.06754858214578
2014-12-22,320.73224365199997,333.57179043400004,320.58,331.997882986,57727309.0,216.36486521088204
2014-12-23,332.524,338.86231734200004,328.595036798,336.522172414,58681668.0,216.83989490330086
2014-12-24,335.80138346399997,336.45997869,321.506722168,322.522,44472860.0,217.25841445730066
2014-12-25,323.03,323.36082959,317.53201843,319.693281002,37074262.0,217.5361284330948
2014-12-26,319.81367040799995,331.697760432,316.794,329.31228121600003,41740868.0,218.1036314781302
2014-12-27,328.971179918,328.994,312.687979956,316.209387338,44169236.0,218.722616064677
2014-12-28,316.7222305,318.61226004599996,311.58410352799996,317.59399999999994,47268829.0,218.73089271319768
2014-12-29,317.68602657200006,320.139016148,311.53666259399995,312.45850041200003,46539033.0,219.0189571335804
2014-12-30,313.204648556,316.318279876,310.036078908,311.43002015,46624649.0,219.46943509566793
2014-12-31,311.45152464999995,320.992712128,311.001068336,320.992712128,40953277.0,220.09225417041728
